date,close
2015-01-02,171.09368896484375
2015-01-05,168.0037841796875
2015-01-06,166.42135620117188
2015-01-07,168.49517822265625
2015-01-08,171.48513793945312
2015-01-09,170.1108856201172
2015-01-12,168.7783966064453
2015-01-13,168.3036346435547
2015-01-14,167.28758239746094
2015-01-15,165.75503540039062
2015-01-16,167.9288330078125
2015-01-20,168.2870330810547
2015-01-21,169.13648986816406
2015-01-22,171.65170288085938
2015-01-23,170.71058654785156
2015-01-26,171.11032104492188
2015-01-27,168.85330200195312
2015-01-28,166.6878662109375
2015-01-29,168.22866821289062
2015-01-30,166.11318969726562
2015-02-02,168.17039489746094
2015-02-03,170.60227966308594
2015-02-04,169.95269775390625
2015-02-05,171.66839599609375
2015-02-06,171.19363403320312
2015-02-09,170.42747497558594
2015-02-10,172.24305725097656
2015-02-11,172.343017578125
2015-02-12,174.00038146972656
2015-02-13,174.71661376953125
2015-02-17,174.99147033691406
2015-02-18,175.0081024169922
2015-02-19,174.88319396972656
2015-02-20,175.93255615234375
2015-02-23,175.90760803222656
2015-02-24,176.40728759765625
2015-02-25,176.2574462890625
2015-02-26,176.04920959472656
2015-02-27,175.44952392578125
2015-03-02,176.5572509765625
2015-03-03,175.83261108398438
2015-03-04,175.09141540527344
2015-03-05,175.28294372558594
2015-03-06,172.81773376464844
2015-03-09,173.5339813232422
2015-03-10,170.71893310546875
2015-03-11,170.3191375732422
2015-03-12,172.4845733642578
2015-03-13,171.42684936523438
2015-03-16,173.71719360351562
2015-03-17,173.2008056640625
2015-03-18,175.28294372558594
2015-03-19,174.48341369628906
2015-03-20,176.0236053466797
2015-03-23,175.68057250976562
2015-03-24,174.6934051513672
2015-03-25,172.13351440429688
2015-03-26,171.7235565185547
2015-03-27,172.1167449951172
2015-03-30,174.21656799316406
2015-03-31,172.6939697265625
2015-04-01,172.08331298828125
2015-04-02,172.7024383544922
2015-04-06,173.8651885986328
2015-04-07,173.40504455566406
2015-04-08,173.99066162109375
2015-04-09,174.76028442382812
2015-04-10,175.71401977539062
2015-04-13,174.9192657470703
2015-04-14,175.25389099121094
2015-04-15,176.04029846191406
2015-04-16,175.9900665283203
2015-04-17,173.965576171875
2015-04-20,175.5550994873047
2015-04-21,175.34597778320312
2015-04-22,176.20762634277344
2015-04-23,176.65103149414062
2015-04-24,177.06089782714844
2015-04-27,176.32472229003906
2015-04-28,176.8852081298828
2015-04-29,176.15744018554688
2015-04-30,174.39222717285156
2015-05-01,176.2828826904297
2015-05-04,176.78485107421875
2015-05-05,174.76028442382812
2015-05-06,174.0408477783203
2015-05-07,174.73521423339844
2015-05-08,177.0357666015625
2015-05-11,176.1908721923828
2015-05-12,175.66384887695312
2015-05-13,175.69728088378906
2015-05-14,177.52940368652344
2015-05-15,177.7217559814453
2015-05-18,178.27392578125
2015-05-19,178.21539306640625
2015-05-20,178.08990478515625
2015-05-21,178.60853576660156
2015-05-22,178.1819305419922
2015-05-26,176.26612854003906
2015-05-27,177.93931579589844
2015-05-28,177.73858642578125
2015-05-29,176.6342315673828
2015-06-01,176.9939727783203
2015-06-02,176.81834411621094
2015-06-03,177.28680419921875
2015-06-04,175.78932189941406
2015-06-05,175.48817443847656
2015-06-08,174.408935546875
2015-06-09,174.3838653564453
2015-06-10,176.4752960205078
2015-06-11,177.04420471191406
2015-06-12,175.68893432617188
2015-06-15,174.93600463867188
2015-06-16,175.8897247314453
2015-06-17,176.17413330078125
2015-06-18,178.00624084472656
2015-06-19,177.21600341796875
2015-06-22,178.1239471435547
2015-06-23,178.25003051757812
2015-06-24,176.95545959472656
2015-06-25,176.41738891601562
2015-06-26,176.38375854492188
2015-06-29,172.68492126464844
2015-06-30,173.04644775390625
2015-07-01,174.43350219726562
2015-07-02,174.27377319335938
2015-07-06,173.77780151367188
2015-07-07,174.87062072753906
2015-07-08,171.93678283691406
2015-07-09,172.247802734375
2015-07-10,174.41668701171875
2015-07-13,176.34178161621094
2015-07-14,177.10671997070312
2015-07-15,177.04788208007812
2015-07-16,178.46861267089844
2015-07-17,178.61990356445312
2015-07-20,178.71237182617188
2015-07-21,178.0062255859375
2015-07-22,177.68679809570312
2015-07-23,176.68646240234375
2015-07-24,174.8538360595703
2015-07-27,173.8366241455078
2015-07-28,175.97193908691406
2015-07-29,177.18240356445312
2015-07-30,177.2244110107422
2015-07-31,176.95545959472656
2015-08-03,176.3585662841797
2015-08-04,176.013916015625
2015-08-05,176.59397888183594
2015-08-06,175.14804077148438
2015-08-07,174.81175231933594
2015-08-10,177.01434326171875
2015-08-11,175.41702270507812
2015-08-12,175.62721252441406
2015-08-13,175.40866088867188
2015-08-14,176.04754638671875
2015-08-17,177.0310821533203
2015-08-18,176.51824951171875
2015-08-19,175.122802734375
2015-08-20,171.466064453125
2015-08-21,166.30445861816406
2015-08-24,159.3019256591797
2015-08-25,157.42727661132812
2015-08-26,163.4714813232422
2015-08-27,167.51504516601562
2015-08-28,167.52345275878906
2015-08-31,166.1699981689453
2015-09-01,161.21023559570312
2015-09-02,164.2701416015625
2015-09-03,164.3878173828125
2015-09-04,161.8994598388672
2015-09-08,165.96823120117188
2015-09-09,163.74891662597656
2015-09-10,164.63998413085938
2015-09-11,165.38821411132812
2015-09-14,164.77450561523438
2015-09-15,166.83413696289062
2015-09-16,168.27992248535156
2015-09-17,167.90167236328125
2015-09-18,165.1579132080078
2015-09-21,166.01141357421875
2015-09-22,163.8566436767578
2015-09-23,163.59466552734375
2015-09-24,163.00315856933594
2015-09-25,162.96090698242188
2015-09-28,158.87103271484375
2015-09-29,158.96395874023438
2015-09-30,161.92994689941406
2015-10-01,162.35255432128906
2015-10-02,164.7776336669922
2015-10-05,167.70985412597656
2015-10-06,167.13525390625
2015-10-07,168.5041961669922
2015-10-08,170.02525329589844
2015-10-09,170.12664794921875
2015-10-12,170.28712463378906
2015-10-13,169.2139892578125
2015-10-14,168.40281677246094
2015-10-15,170.98854064941406
2015-10-16,171.76593017578125
2015-10-19,171.85044860839844
2015-10-20,171.6307373046875
2015-10-21,170.56600952148438
2015-10-22,173.4475555419922
2015-10-23,175.3488311767578
2015-10-26,174.91783142089844
2015-10-27,174.57980346679688
2015-10-28,176.56561279296875
2015-10-29,176.46421813964844
2015-10-30,175.70375061035156
2015-11-02,177.78245544433594
2015-11-03,178.29791259765625
2015-11-04,177.757080078125
2015-11-05,177.5796661376953
2015-11-06,177.48666381835938
2015-11-09,175.8304443359375
2015-11-10,176.2360382080078
2015-11-11,175.54312133789062
2015-11-12,173.09262084960938
2015-11-13,171.14915466308594
2015-11-16,173.75169372558594
2015-11-17,173.6249542236328
2015-11-18,176.3797149658203
2015-11-19,176.2276153564453
2015-11-20,176.86984252929688
2015-11-23,176.66702270507812
2015-11-24,176.90365600585938
2015-11-25,176.87828063964844
2015-11-27,177.08108520507812
2015-11-30,176.34593200683594
2015-12-01,178.0274658203125
2015-12-02,176.21070861816406
2015-12-03,173.74330139160156
2015-12-04,177.13182067871094
2015-12-07,176.05860900878906
2015-12-08,174.87559509277344
2015-12-09,173.5150909423828
2015-12-10,173.9630126953125
2015-12-11,170.5913848876953
2015-12-14,171.4532470703125
2015-12-15,173.25318908691406
2015-12-16,175.78823852539062
2015-12-17,173.10951232910156
2015-12-18,170.0255889892578
2015-12-21,171.42813110351562
2015-12-22,172.98374938964844
2015-12-23,175.12582397460938
2015-12-24,174.83682250976562
2015-12-28,174.437255859375
2015-12-29,176.29888916015625
2015-12-30,175.0492706298828
2015-12-31,173.29824829101562
2016-01-04,170.87557983398438
2016-01-05,171.16461181640625
2016-01-06,169.00552368164062
2016-01-07,164.95083618164062
2016-01-08,163.1402130126953
2016-01-11,163.3016815185547
2016-01-12,164.61927795410156
2016-01-13,160.51361083984375
2016-01-14,163.14871215820312
2016-01-15,159.6465301513672
2016-01-19,159.8590545654297
2016-01-20,157.81039428710938
2016-01-21,158.6945037841797
2016-01-22,161.95013427734375
2016-01-25,159.50209045410156
2016-01-26,161.67813110351562
2016-01-27,159.9185333251953
2016-01-28,160.75161743164062
2016-01-29,164.67027282714844
2016-02-01,164.61083984375
2016-02-02,161.6441192626953
2016-02-03,162.61318969726562
2016-02-04,162.86819458007812
2016-02-05,159.76556396484375
2016-02-08,157.61489868164062
2016-02-09,157.6234588623047
2016-02-10,157.48745727539062
2016-02-11,155.43885803222656
2016-02-12,158.6434783935547
2016-02-16,161.3210906982422
2016-02-17,163.95628356933594
2016-02-18,163.28472900390625
2016-02-19,163.20822143554688
2016-02-22,165.5713348388672
2016-02-23,163.48020935058594
2016-02-24,164.228271484375
2016-02-25,166.2173614501953
2016-02-26,165.83485412597656
2016-02-29,164.53428649902344
2016-03-01,168.40194702148438
2016-03-02,169.1584930419922
2016-03-03,169.8215789794922
2016-03-04,170.37411499023438
2016-03-07,170.51010131835938
2016-03-08,168.64846801757812
2016-03-09,169.48153686523438
2016-03-10,169.61753845214844
2016-03-11,172.35467529296875
2016-03-14,172.13368225097656
2016-03-15,171.85317993164062
2016-03-16,172.84768676757812
2016-03-17,173.94432067871094
2016-03-18,174.6278076171875
2016-03-21,174.87557983398438
2016-03-22,174.7816162109375
2016-03-23,173.62811279296875
2016-03-24,173.55123901367188
2016-03-28,173.6537628173828
2016-03-29,175.2600555419922
2016-03-30,176.02906799316406
2016-03-31,175.60182189941406
2016-04-01,176.79800415039062
2016-04-04,176.2255859375
2016-04-05,174.4654541015625
2016-04-06,176.370849609375
2016-04-07,174.26040649414062
2016-04-08,174.73031616210938
2016-04-11,174.3202362060547
2016-04-12,175.94361877441406
2016-04-13,177.72084045410156
2016-04-14,177.72935485839844
2016-04-15,177.53285217285156
2016-04-18,178.78028869628906
2016-04-19,179.34425354003906
2016-04-20,179.51510620117188
2016-04-21,178.5496063232422
2016-04-22,178.5496063232422
2016-04-25,178.2420196533203
2016-04-26,178.50686645507812
2016-04-27,178.87437438964844
2016-04-28,177.2508544921875
2016-04-29,176.29397583007812
2016-05-02,177.69517517089844
2016-05-03,176.14866638183594
2016-05-04,175.1660614013672
2016-05-05,175.1319122314453
2016-05-06,175.77272033691406
2016-05-09,175.91795349121094
2016-05-10,178.10533142089844
2016-05-11,176.43919372558594
2016-05-12,176.49046325683594
2016-05-13,174.95249938964844
2016-05-16,176.6784210205078
2016-05-17,175.02935791015625
2016-05-18,175.08067321777344
2016-05-19,174.47396850585938
2016-05-20,175.57618713378906
2016-05-23,175.33697509765625
2016-05-24,177.6097412109375
2016-05-25,178.81448364257812
2016-05-26,178.86575317382812
2016-05-27,179.63478088378906
2016-05-31,179.29298400878906
2016-06-01,179.6603546142578
2016-06-02,180.2071990966797
2016-06-03,179.66888427734375
2016-06-06,180.58314514160156
2016-06-07,180.86514282226562
2016-06-08,181.4546661376953
2016-06-09,181.2068328857422
2016-06-10,179.48948669433594
2016-06-13,178.10533142089844
2016-06-14,177.75498962402344
2016-06-15,177.5072021484375
2016-06-16,178.0369415283203
2016-06-17,177.37393188476562
2016-06-20,178.5161895751953
2016-06-21,179.02294921875
2016-06-22,178.73094177246094
2016-06-23,181.0584716796875
2016-06-24,174.55682373046875
2016-06-27,171.43051147460938
2016-06-28,174.52243041992188
2016-06-29,177.49417114257812
2016-06-30,179.9161834716797
2016-07-01,180.2940673828125
2016-07-05,178.99720764160156
2016-07-06,180.07081604003906
2016-07-07,179.95913696289062
2016-07-08,182.63876342773438
2016-07-11,183.28297424316406
2016-07-12,184.61415100097656
2016-07-13,184.58847045898438
2016-07-14,185.61904907226562
2016-07-15,185.3699951171875
2016-07-18,185.86813354492188
2016-07-19,185.67916870117188
2016-07-20,186.45211791992188
2016-07-21,185.74790954589844
2016-07-22,186.5810089111328
2016-07-25,186.07424926757812
2016-07-26,186.1602020263672
2016-07-27,185.96261596679688
2016-07-28,186.1773223876953
2016-07-29,186.47793579101562
2016-08-01,186.32333374023438
2016-08-02,185.12950134277344
2016-08-03,185.6705780029297
2016-08-04,185.86813354492188
2016-08-05,187.38829040527344
2016-08-08,187.2766876220703
2016-08-09,187.38829040527344
2016-08-10,186.92454528808594
2016-08-11,187.79200744628906
2016-08-12,187.62881469726562
2016-08-15,188.16990661621094
2016-08-16,187.1993865966797
2016-08-17,187.55149841308594
2016-08-18,187.9723663330078
2016-08-19,187.6975555419922
2016-08-22,187.68893432617188
2016-08-23,188.0668487548828
2016-08-24,187.1049346923828
2016-08-25,186.97605895996094
2016-08-26,186.6239776611328
2016-08-29,187.54293823242188
2016-08-30,187.23374938964844
2016-08-31,186.70126342773438
2016-09-01,186.7097930908203
2016-09-02,187.55149841308594
2016-09-06,188.11839294433594
2016-09-07,188.1011962890625
2016-09-08,187.67178344726562
2016-09-09,183.1798553466797
2016-09-12,185.80804443359375
2016-09-13,183.13694763183594
2016-09-14,183.0682830810547
2016-09-15,184.89761352539062
2016-09-16,184.182861328125
2016-09-19,184.2174530029297
2016-09-20,184.2260284423828
2016-09-21,186.29776000976562
2016-09-22,187.4716796875
2016-09-23,186.44444274902344
2016-09-26,184.93389892578125
2016-09-27,186.0819091796875
2016-09-28,187.00555419921875
2016-09-29,185.3136749267578
2016-09-30,186.71206665039062
2016-10-03,186.26321411132812
2016-10-04,185.3136749267578
2016-10-05,186.1337432861328
2016-10-06,186.26321411132812
2016-10-07,185.6243896484375
2016-10-10,186.59127807617188
2016-10-11,184.2346954345703
2016-10-12,184.47640991210938
2016-10-13,183.87208557128906
2016-10-14,183.96707153320312
2016-10-17,183.32833862304688
2016-10-18,184.47640991210938
2016-10-19,184.9683837890625
2016-10-20,184.62313842773438
2016-10-21,184.70944213867188
2016-10-24,185.49496459960938
2016-10-25,184.8734130859375
2016-10-26,184.5022735595703
2016-10-27,184.01023864746094
2016-10-28,183.4663848876953
2016-10-31,183.47500610351562
2016-11-01,182.14572143554688
2016-11-02,181.04942321777344
2016-11-03,180.22076416015625
2016-11-04,180.02220153808594
2016-11-07,183.99302673339844
2016-11-08,184.8216552734375
2016-11-09,186.78114318847656
2016-11-10,187.24725341796875
2016-11-11,186.81565856933594
2016-11-14,186.9624481201172
2016-11-15,188.42123413085938
2016-11-16,188.06727600097656
2016-11-17,189.03408813476562
2016-11-18,188.6111297607422
2016-11-21,190.03543090820312
2016-11-22,190.4066162109375
2016-11-23,190.5102081298828
2016-11-25,191.218017578125
2016-11-28,190.32028198242188
2016-11-29,190.69149780273438
2016-11-30,190.2339324951172
2016-12-01,189.53477478027344
2016-12-02,189.62973022460938
2016-12-05,190.76918029785156
2016-12-06,191.37347412109375
2016-12-07,193.87667846679688
2016-12-08,194.3514862060547
2016-12-09,195.5254669189453
2016-12-12,195.30099487304688
2016-12-13,196.60443115234375
2016-12-14,194.9816131591797
2016-12-15,195.7843780517578
2016-12-16,195.4014434814453
2016-12-19,195.8269500732422
2016-12-20,196.5823516845703
2016-12-21,196.03533935546875
2016-12-22,195.6967315673828
2016-12-23,195.98326110839844
2016-12-27,196.46951293945312
2016-12-28,194.84576416015625
2016-12-29,194.80239868164062
2016-12-30,194.0903778076172
2017-01-03,195.5751190185547
2017-01-04,196.7386474609375
2017-01-05,196.5823516845703
2017-01-06,197.28573608398438
2017-01-09,196.634521484375
2017-01-10,196.634521484375
2017-01-11,197.19021606445312
2017-01-12,196.69522094726562
2017-01-13,197.14675903320312
2017-01-17,196.4521484375
2017-01-18,196.88626098632812
2017-01-19,196.15692138671875
2017-01-20,196.8776092529297
2017-01-23,196.36529541015625
2017-01-24,197.62432861328125
2017-01-25,199.33493041992188
2017-01-26,199.12648010253906
2017-01-27,198.81387329101562
2017-01-30,197.5808563232422
2017-01-31,197.5635223388672
2017-02-01,197.64170837402344
2017-02-02,197.77194213867188
2017-02-03,199.13514709472656
2017-02-06,198.7791748046875
2017-02-07,198.78787231445312
2017-02-08,199.04835510253906
2017-02-09,200.22923278808594
2017-02-10,201.0193634033203
2017-02-13,202.11341857910156
2017-02-14,202.92098999023438
2017-02-15,203.98028564453125
2017-02-16,203.8065948486328
2017-02-17,204.12783813476562
2017-02-21,205.34353637695312
2017-02-22,205.16114807128906
2017-02-23,205.30007934570312
2017-02-24,205.56057739257812
2017-02-27,205.88185119628906
2017-02-28,205.32611083984375
2017-03-01,208.2001953125
2017-03-02,206.8890838623047
2017-03-03,207.01934814453125
2017-03-06,206.40281677246094
2017-03-07,205.7863311767578
2017-03-08,205.40431213378906
2017-03-09,205.66476440429688
2017-03-10,206.3854217529297
2017-03-13,206.4896240234375
2017-03-14,205.69949340820312
2017-03-15,207.4794921875
2017-03-16,207.0713653564453
2017-03-17,206.7077178955078
2017-03-20,206.4810333251953
2017-03-21,203.82989501953125
2017-03-22,204.30955505371094
2017-03-23,204.0915069580078
2017-03-24,203.9432830810547
2017-03-27,203.7339630126953
2017-03-28,205.21649169921875
2017-03-29,205.40838623046875
2017-03-30,206.0623779296875
2017-03-31,205.58277893066406
2017-04-03,205.22518920898438
2017-04-04,205.35601806640625
2017-04-05,204.7455596923828
2017-04-06,205.32115173339844
2017-04-07,205.11181640625
2017-04-10,205.23388671875
2017-04-11,204.98974609375
2017-04-12,204.0915069580078
2017-04-13,202.7659912109375
2017-04-17,204.5625
2017-04-18,203.9520263671875
2017-04-19,203.57699584960938
2017-04-20,205.23388671875
2017-04-21,204.5798797607422
2017-04-24,206.829833984375
2017-04-25,208.03330993652344
2017-04-26,207.90248107910156
2017-04-27,208.076904296875
2017-04-28,207.6234130859375
2017-05-01,208.14663696289062
2017-05-02,208.22512817382812
2017-05-03,207.97222900390625
2017-05-04,208.2164306640625
2017-05-05,209.03619384765625
2017-05-08,209.00128173828125
2017-05-09,208.8094940185547
2017-05-10,209.18441772460938
2017-05-11,208.75711059570312
2017-05-12,208.4082794189453
2017-05-15,209.55943298339844
2017-05-16,209.36756896972656
2017-05-17,205.6525421142578
2017-05-18,206.4810333251953
2017-05-19,207.82400512695312
2017-05-22,208.8792266845703
2017-05-23,209.34141540527344
2017-05-24,209.8297882080078
2017-05-25,210.8326416015625
2017-05-26,210.7890625
2017-05-30,210.6059112548828
2017-05-31,210.5535430908203
2017-06-01,212.2279815673828
2017-06-02,212.9343719482422
2017-06-05,212.77735900878906
2017-06-06,212.09713745117188
2017-06-07,212.48960876464844
2017-06-08,212.5941925048828
2017-06-09,212.2715606689453
2017-06-12,212.2279815673828
2017-06-13,213.26577758789062
2017-06-14,212.99539184570312
2017-06-15,212.5854949951172
2017-06-16,212.6320037841797
2017-06-19,214.4021453857422
2017-06-20,212.95619201660156
2017-06-21,212.90365600585938
2017-06-22,212.80723571777344
2017-06-23,213.0613555908203
2017-06-26,213.2015380859375
2017-06-27,211.48403930664062
2017-06-28,213.37684631347656
2017-06-29,211.5015106201172
2017-06-30,211.89584350585938
2017-07-03,212.25515747070312
2017-07-05,212.74588012695312
2017-07-06,210.80039978027344
2017-07-07,212.16754150390625
2017-07-10,212.3953399658203
2017-07-11,212.2376251220703
2017-07-12,213.8325653076172
2017-07-13,214.1918487548828
2017-07-14,215.1908416748047
2017-07-17,215.16458129882812
2017-07-18,215.27847290039062
2017-07-19,216.44403076171875
2017-07-20,216.54039001464844
2017-07-21,216.34764099121094
2017-07-24,216.2950897216797
2017-07-25,216.82080078125
2017-07-26,216.8295440673828
2017-07-27,216.6280059814453
2017-07-28,216.37388610839844
2017-07-31,216.251220703125
2017-08-01,216.73316955566406
2017-08-02,216.83831787109375
2017-08-03,216.41766357421875
2017-08-04,216.81198120117188
2017-08-07,217.2151641845703
2017-08-08,216.68063354492188
2017-08-09,216.671875
2017-08-10,213.61346435546875
2017-08-11,213.92889404296875
2017-08-14,216.0496368408203
2017-08-15,216.02333068847656
2017-08-16,216.4001922607422
2017-08-17,213.0263214111328
2017-08-18,212.6933135986328
2017-08-21,212.8597869873047
2017-08-22,215.08567810058594
2017-08-23,214.31451416015625
2017-08-24,213.81500244140625
2017-08-25,214.31451416015625
2017-08-28,214.3232879638672
2017-08-29,214.56863403320312
2017-08-30,215.58518981933594
2017-08-31,216.8821258544922
2017-09-01,217.18885803222656
2017-09-05,215.62896728515625
2017-09-06,216.36509704589844
2017-09-07,216.33883666992188
2017-09-08,216.08468627929688
2017-09-11,218.38946533203125
2017-09-12,219.1255340576172
2017-09-13,219.23072814941406
2017-09-14,219.16055297851562
2017-09-15,219.45567321777344
2017-09-18,219.9224090576172
2017-09-19,220.1425323486328
2017-09-20,220.22181701660156
2017-09-21,219.63177490234375
2017-09-22,219.67578125
2017-09-25,219.22665405273438
2017-09-26,219.35874938964844
2017-09-27,220.21298217773438
2017-09-28,220.4772491455078
2017-09-29,221.25221252441406
2017-10-02,222.21212768554688
2017-10-03,222.68771362304688
2017-10-04,222.9519500732422
2017-10-05,224.27293395996094
2017-10-06,224.0175323486328
2017-10-09,223.64767456054688
2017-10-10,224.2377166748047
2017-10-11,224.5899658203125
2017-10-12,224.2553253173828
2017-10-13,224.52830505371094
2017-10-16,224.8277587890625
2017-10-17,224.98631286621094
2017-10-18,225.2064208984375
2017-10-19,225.26808166503906
2017-10-20,226.43060302734375
2017-10-23,225.54991149902344
2017-10-24,225.94622802734375
2017-10-25,224.8277587890625
2017-10-26,225.11837768554688
2017-10-27,226.95899963378906
2017-10-30,226.11354064941406
2017-10-31,226.4658203125
2017-11-01,226.76522827148438
2017-11-02,226.85330200195312
2017-11-03,227.61068725585938
2017-11-06,227.96299743652344
2017-11-07,227.80447387695312
2017-11-08,228.1919403076172
2017-11-09,227.36410522460938
2017-11-10,227.2936553955078
2017-11-13,227.50498962402344
2017-11-14,226.97657775878906
2017-11-15,225.8405303955078
2017-11-16,227.7603759765625
2017-11-17,227.09109497070312
2017-11-20,227.47857666015625
2017-11-21,228.96697998046875
2017-11-22,228.76437377929688
2017-11-24,229.29275512695312
2017-11-27,229.17832946777344
2017-11-28,231.50326538085938
2017-11-29,231.3623504638672
2017-11-30,233.38795471191406
2017-12-01,232.90357971191406
2017-12-04,232.6217803955078
2017-12-05,231.7850799560547
2017-12-06,231.82911682128906
2017-12-07,232.56015014648438
2017-12-08,233.82827758789062
2017-12-11,234.53282165527344
2017-12-12,234.9467315673828
2017-12-13,234.92034912109375
2017-12-14,233.96038818359375
2017-12-15,235.9086456298828
2017-12-18,237.40463256835938
2017-12-19,236.49281311035156
2017-12-20,236.3689422607422
2017-12-21,236.8557891845703
2017-12-22,236.79380798339844
2017-12-26,236.51055908203125
2017-12-27,236.62564086914062
2017-12-28,237.1124725341797
2017-12-29,236.21847534179688
2018-01-02,237.90914916992188
2018-01-03,239.41395568847656
2018-01-04,240.4230194091797
2018-01-05,242.0252685546875
2018-01-08,242.4678955078125
2018-01-09,243.01663208007812
2018-01-10,242.6448516845703
2018-01-11,244.4152069091797
2018-01-12,246.00856018066406
2018-01-16,245.1675567626953
2018-01-17,247.5044708251953
2018-01-18,247.08843994140625
2018-01-19,248.212646484375
2018-01-22,250.23081970214844
2018-01-23,250.76193237304688
2018-01-24,250.66456604003906
2018-01-25,250.7708282470703
2018-01-26,253.6741485595703
2018-01-29,251.9923553466797
2018-01-30,249.40757751464844
2018-01-31,249.5315704345703
2018-02-01,249.248291015625
2018-02-02,243.8221893310547
2018-02-05,233.62486267089844
2018-02-06,238.22787475585938
2018-02-07,236.93548583984375
2018-02-08,228.0482940673828
2018-02-09,231.473876953125
2018-02-12,234.87303161621094
2018-02-13,235.45718383789062
2018-02-14,238.635009765625
2018-02-15,241.6800079345703
2018-02-16,241.7508087158203
2018-02-20,240.23721313476562
2018-02-21,239.04214477539062
2018-02-22,239.35198974609375
2018-02-23,243.16714477539062
2018-02-26,245.99087524414062
2018-02-27,242.9192352294922
2018-02-28,240.4584503173828
2018-03-01,236.9620819091797
2018-03-02,238.18357849121094
2018-03-05,240.93649291992188
2018-03-06,241.5471954345703
2018-03-07,241.45867919921875
2018-03-08,242.6271514892578
2018-03-09,246.84938049316406
2018-03-12,246.53958129882812
2018-03-13,244.9463348388672
2018-03-14,243.6893310546875
2018-03-15,243.4237823486328
2018-03-16,243.68780517578125
2018-03-19,240.39056396484375
2018-03-20,240.7994384765625
2018-03-21,240.33731079101562
2018-03-22,234.32952880859375
2018-03-23,229.3348388671875
2018-03-26,235.60923767089844
2018-03-27,231.60113525390625
2018-03-28,230.9167938232422
2018-03-29,233.8673858642578
2018-04-02,228.81939697265625
2018-04-03,231.75218200683594
2018-04-04,234.2317352294922
2018-04-05,236.08026123046875
2018-04-06,230.81907653808594
2018-04-09,231.95664978027344
2018-04-10,235.64486694335938
2018-04-11,234.40951538085938
2018-04-12,236.3380584716797
2018-04-13,235.64486694335938
2018-04-16,237.58216857910156
2018-04-17,240.1240234375
2018-04-18,240.30177307128906
2018-04-19,238.9687042236328
2018-04-20,236.94232177734375
2018-04-23,236.9067840576172
2018-04-24,233.71632385253906
2018-04-25,234.29397583007812
2018-04-26,236.67576599121094
2018-04-27,236.89785766601562
2018-04-30,235.07601928710938
2018-05-01,235.4937286376953
2018-05-02,233.91180419921875
2018-05-03,233.39634704589844
2018-05-04,236.4180145263672
2018-05-07,237.21786499023438
2018-05-08,237.21786499023438
2018-05-09,239.5107421875
2018-05-10,241.75035095214844
2018-05-11,242.48800659179688
2018-05-14,242.603515625
2018-05-15,240.93264770507812
2018-05-16,241.94583129882812
2018-05-17,241.7415008544922
2018-05-18,241.13706970214844
2018-05-21,242.9501190185547
2018-05-22,242.27467346191406
2018-05-23,242.94125366210938
2018-05-24,242.4435577392578
2018-05-25,241.86587524414062
2018-05-29,239.08419799804688
2018-05-30,242.27467346191406
2018-05-31,240.79055786132812
2018-06-01,243.1544952392578
2018-06-04,244.3098602294922
2018-06-05,244.48768615722656
2018-06-06,246.5316925048828
2018-06-07,246.50497436523438
2018-06-08,247.2337646484375
2018-06-11,247.56260681152344
2018-06-12,247.88259887695312
2018-06-13,247.09156799316406
2018-06-14,247.71368408203125
2018-06-15,247.3976593017578
2018-06-18,246.88880920410156
2018-06-19,245.9425811767578
2018-06-20,246.3621368408203
2018-06-21,244.81771850585938
2018-06-22,245.2641143798828
2018-06-25,241.92527770996094
2018-06-26,242.46096801757812
2018-06-27,240.45236206054688
2018-06-28,241.8271942138672
2018-06-29,242.17523193359375
2018-07-02,242.69302368164062
2018-07-03,241.83604431152344
2018-07-05,243.80897521972656
2018-07-06,245.87109375
2018-07-09,248.0850830078125
2018-07-10,248.97776794433594
2018-07-11,247.1565704345703
2018-07-12,249.3972930908203
2018-07-13,249.5937042236328
2018-07-16,249.37063598632812
2018-07-17,250.37936401367188
2018-07-18,250.90602111816406
2018-07-19,249.959716796875
2018-07-20,249.67408752441406
2018-07-23,250.1382598876953
2018-07-24,251.39694213867188
2018-07-25,253.53952026367188
2018-07-26,252.94140625
2018-07-27,251.22743225097656
2018-07-30,249.91519165039062
2018-07-31,251.1470489501953
2018-08-01,250.72744750976562
2018-08-02,252.09332275390625
2018-08-03,253.1734619140625
2018-08-06,254.10194396972656
2018-08-07,254.9409942626953
2018-08-08,254.83399963378906
2018-08-09,254.48577880859375
2018-08-10,252.78070068359375
2018-08-13,251.83447265625
2018-08-14,253.44137573242188
2018-08-15,251.54869079589844
2018-08-16,253.58412170410156
2018-08-17,254.47686767578125
2018-08-20,255.02145385742188
2018-08-21,255.61949157714844
2018-08-22,255.46786499023438
2018-08-23,255.12863159179688
2018-08-24,256.6640319824219
2018-08-27,258.69049072265625
2018-08-28,258.81549072265625
2018-08-29,260.2080383300781
2018-08-30,259.15472412109375
2018-08-31,259.16363525390625
2018-09-04,258.7172546386719
2018-09-05,258.0209655761719
2018-09-06,257.24432373046875
2018-09-07,256.74444580078125
2018-09-10,257.1907958984375
2018-09-11,258.0387268066406
2018-09-12,258.101318359375
2018-09-13,259.6278076171875
2018-09-14,259.6724853515625
2018-09-17,258.29766845703125
2018-09-18,259.69927978515625
2018-09-19,259.97589111328125
2018-09-20,262.0827941894531
2018-09-21,261.84332275390625
2018-09-24,260.97344970703125
2018-09-25,260.7314453125
2018-09-26,259.9512023925781
2018-09-27,260.67755126953125
2018-09-28,260.70452880859375
2018-10-01,261.6102294921875
2018-10-02,261.4576721191406
2018-10-03,261.6012878417969
2018-10-04,259.5566101074219
2018-10-05,258.1038513183594
2018-10-08,258.1038513183594
2018-10-09,257.7272033691406
2018-10-10,249.56678771972656
2018-10-11,244.0697021484375
2018-10-12,247.4593963623047
2018-10-15,246.06939697265625
2018-10-16,251.4499969482422
2018-10-17,251.4948272705078
2018-10-18,247.86293029785156
2018-10-19,247.72842407226562
2018-10-22,246.61643981933594
2018-10-23,245.36093139648438
2018-10-24,237.9269561767578
2018-10-25,242.19544982910156
2018-10-26,237.93585205078125
2018-10-29,236.61761474609375
2018-10-30,240.12391662597656
2018-10-31,242.68869018554688
2018-11-01,245.27139282226562
2018-11-02,243.8185577392578
2018-11-05,245.16375732421875
2018-11-06,246.7151336669922
2018-11-07,251.99697875976562
2018-11-08,251.53961181640625
2018-11-09,249.08255004882812
2018-11-12,244.42840576171875
2018-11-13,243.9710693359375
2018-11-14,242.30313110351562
2018-11-15,244.83193969726562
2018-11-16,245.46856689453125
2018-11-19,241.316650390625
2018-11-20,236.85079956054688
2018-11-21,237.6578826904297
2018-11-23,236.0706329345703
2018-11-26,239.88180541992188
2018-11-27,240.68898010253906
2018-11-28,246.23085021972656
2018-11-29,245.69277954101562
2018-11-30,247.1904754638672
2018-12-03,250.46353149414062
2018-12-04,242.34796142578125
2018-12-06,241.98023986816406
2018-12-07,236.3575897216797
2018-12-10,236.80599975585938
2018-12-11,236.8597869873047
2018-12-12,238.05242919921875
2018-12-13,237.9717559814453
2018-12-14,233.5776824951172
2018-12-17,228.99520874023438
2018-12-18,228.744140625
2018-12-19,225.31851196289062
2018-12-20,221.65081787109375
2018-12-21,217.1092987060547
2018-12-24,211.3726043701172
2018-12-26,222.05223083496094
2018-12-27,223.75697326660156
2018-12-28,223.46832275390625
2018-12-31,225.42564392089844
2019-01-02,225.6602020263672
2019-01-03,220.2753143310547
2019-01-04,227.65357971191406
2019-01-07,229.44854736328125
2019-01-08,231.60430908203125
2019-01-09,232.68667602539062
2019-01-10,233.50753784179688
2019-01-11,233.5977020263672
2019-01-14,232.1725311279297
2019-01-15,234.83343505859375
2019-01-16,235.40164184570312
2019-01-17,237.1875762939453
2019-01-18,240.3445587158203
2019-01-22,237.0973663330078
2019-01-23,237.59349060058594
2019-01-24,237.71974182128906
2019-01-25,239.73123168945312
2019-01-28,237.90921020507812
2019-01-29,237.59349060058594
2019-01-30,241.35482788085938
2019-01-31,243.4744873046875
2019-02-01,243.5917205810547
2019-02-04,245.3054656982422
2019-02-05,246.33384704589844
2019-02-06,246.0090789794922
2019-02-07,243.6638946533203
2019-02-08,243.9616241455078
2019-02-11,244.0968475341797
2019-02-12,247.2357940673828
2019-02-13,248.0385284423828
2019-02-14,247.48834228515625
2019-02-15,250.18531799316406
2019-02-19,250.61822509765625
2019-02-20,251.12332153320312
2019-02-21,250.23040771484375
2019-02-22,251.7817840576172
2019-02-25,252.12461853027344
2019-02-26,251.94415283203125
2019-02-27,251.8359832763672
2019-02-28,251.366943359375
2019-03-01,252.9364471435547
2019-03-04,252.01637268066406
2019-03-05,251.67359924316406
2019-03-06,250.1492919921875
2019-03-07,248.05657958984375
2019-03-08,247.56045532226562
2019-03-11,251.15040588378906
2019-03-12,252.09742736816406
2019-03-13,253.7661590576172
2019-03-14,253.6038360595703
2019-03-15,254.85679626464844
2019-03-18,255.7809295654297
2019-03-19,255.84434509277344
2019-03-20,255.07423400878906
2019-03-21,257.9552307128906
2019-03-22,252.9905548095703
2019-03-25,252.8002166748047
2019-03-26,254.6846923828125
2019-03-27,253.3528289794922
2019-03-28,254.31324768066406
2019-03-29,255.9167938232422
2019-04-01,258.9517517089844
2019-04-02,259.07855224609375
2019-04-03,259.4862976074219
2019-04-04,260.17486572265625
2019-04-05,261.4341125488281
2019-04-08,261.63336181640625
2019-04-09,260.2926025390625
2019-04-10,261.180419921875
2019-04-11,261.1080322265625
2019-04-12,262.8746337890625
2019-04-15,262.70257568359375
2019-04-16,262.8746337890625
2019-04-17,262.2313232421875
2019-04-18,262.7478332519531
2019-04-22,262.9742736816406
2019-04-23,265.3388366699219
2019-04-24,264.75
2019-04-25,264.5867614746094
2019-04-26,265.8189697265625
2019-04-29,266.2357177734375
2019-04-30,266.3715515136719
2019-05-01,264.36944580078125
2019-05-02,263.798583984375
2019-05-03,266.380615234375
2019-05-06,265.284423828125
2019-05-07,260.85430908203125
2019-05-08,260.4918518066406
2019-05-09,259.70361328125
2019-05-10,261.00823974609375
2019-05-13,254.4491424560547
2019-05-14,256.750244140625
2019-05-15,258.2541809082031
2019-05-16,260.64593505859375
2019-05-17,258.9608459472656
2019-05-20,257.24853515625
2019-05-21,259.56781005859375
2019-05-22,258.7705383300781
2019-05-23,255.60882568359375
2019-05-24,256.1885681152344
2019-05-28,253.8058319091797
2019-05-29,252.1026611328125
2019-05-30,252.7911834716797
2019-05-31,249.38479614257812
2019-06-03,248.7506561279297
2019-06-04,254.150146484375
2019-06-05,256.35162353515625
2019-06-06,258.0186767578125
2019-06-07,260.6007080078125
2019-06-10,261.7965393066406
2019-06-11,261.7330017089844
2019-06-12,261.2710266113281
2019-06-13,262.34912109375
2019-06-14,262.0592346191406
2019-06-17,262.158935546875
2019-06-18,264.9039611816406
2019-06-19,265.501953125
2019-06-20,268.0386047363281
2019-06-21,267.6490478515625
2019-06-24,267.3211669921875
2019-06-25,264.6993408203125
2019-06-26,264.4353942871094
2019-06-27,265.373046875
2019-06-28,266.73858642578125
2019-07-01,269.1601257324219
2019-07-02,269.8611145019531
2019-07-03,272.0186767578125
2019-07-05,271.70916748046875
2019-07-08,270.2162170410156
2019-07-09,270.5530090332031
2019-07-10,271.845703125
2019-07-11,272.4830322265625
2019-07-12,273.7027893066406
2019-07-15,273.7938537597656
2019-07-16,272.910888671875
2019-07-17,271.0537414550781
2019-07-18,272.0460205078125
2019-07-19,270.53485107421875
2019-07-22,271.1993103027344
2019-07-23,273.1384582519531
2019-07-24,274.42218017578125
2019-07-25,273.1112060546875
2019-07-26,274.9410400390625
2019-07-29,274.44024658203125
2019-07-30,273.7666320800781
2019-07-31,270.7716064453125
2019-08-01,268.4136657714844
2019-08-02,266.3926696777344
2019-08-05,258.3813171386719
2019-08-06,262.0046691894531
2019-08-07,262.1594543457031
2019-08-08,267.302978515625
2019-08-09,265.482177734375
2019-08-12,262.25048828125
2019-08-13,266.32891845703125
2019-08-14,258.4541931152344
2019-08-15,259.13702392578125
2019-08-16,262.9604797363281
2019-08-19,266.1286315917969
2019-08-20,264.0893859863281
2019-08-21,266.23785400390625
2019-08-22,266.1558532714844
2019-08-23,259.31903076171875
2019-08-26,262.1866760253906
2019-08-27,261.1580810546875
2019-08-28,262.99700927734375
2019-08-29,266.3562927246094
2019-08-30,266.23785400390625
2019-09-03,264.68115234375
2019-09-04,267.6853942871094
2019-09-05,271.1265869140625
2019-09-06,271.33587646484375
2019-09-09,271.47247314453125
2019-09-10,271.40875244140625
2019-09-11,273.3387756347656
2019-09-12,274.2855224609375
2019-09-13,274.1034851074219
2019-09-16,273.2568359375
2019-09-17,273.94879150390625
2019-09-18,274.1126403808594
2019-09-19,274.0943298339844
2019-09-20,272.7992858886719
2019-09-23,272.7352600097656
2019-09-24,270.5952453613281
2019-09-25,272.19573974609375
2019-09-26,271.6286926269531
2019-09-27,270.16534423828125
2019-09-30,271.4183044433594
2019-10-01,268.1897888183594
2019-10-02,263.4523620605469
2019-10-03,265.6108703613281
2019-10-04,269.205078125
2019-10-07,268.0434875488281
2019-10-08,263.8822937011719
2019-10-09,266.38812255859375
2019-10-10,268.1897888183594
2019-10-11,270.9701843261719
2019-10-14,270.6683044433594
2019-10-15,273.3480529785156
2019-10-16,272.9090881347656
2019-10-17,273.71392822265625
2019-10-18,272.5157775878906
2019-10-21,274.3631896972656
2019-10-22,273.46697998046875
2019-10-23,274.2626037597656
2019-10-24,274.7107849121094
2019-10-25,275.83575439453125
2019-10-28,277.390380859375
2019-10-29,277.3081359863281
2019-10-30,278.15875244140625
2019-10-31,277.4178771972656
2019-11-01,279.9879150390625
2019-11-04,281.11285400390625
2019-11-05,280.8018493652344
2019-11-06,280.8658447265625
2019-11-07,281.8536071777344
2019-11-08,282.54876708984375
2019-11-11,282.0091247558594
2019-11-12,282.6036071777344
2019-11-13,282.695068359375
2019-11-14,283.1065979003906
2019-11-15,285.15521240234375
2019-11-18,285.3655090332031
2019-11-19,285.2833251953125
2019-11-20,284.2222900390625
2019-11-21,283.76507568359375
2019-11-22,284.3961181640625
2019-11-25,286.6002502441406
2019-11-26,287.2496032714844
2019-11-27,288.5300598144531
2019-11-29,287.4598693847656
2019-12-02,285.0180969238281
2019-12-03,283.1065979003906
2019-12-04,284.8534240722656
2019-12-05,285.3655090332031
2019-12-06,287.9721374511719
2019-12-09,287.06671142578125
2019-12-10,286.74664306640625
2019-12-11,287.5605773925781
2019-12-12,290.0390625
2019-12-13,290.21282958984375
2019-12-16,292.2066650390625
2019-12-17,292.27069091796875
2019-12-18,292.2889099121094
2019-12-19,293.48687744140625
2019-12-20,294.7737121582031
2019-12-23,295.22406005859375
2019-12-24,295.23321533203125
2019-12-26,296.8049011230469
2019-12-27,296.7312927246094
2019-12-30,295.0953674316406
2019-12-31,295.8122863769531
2020-01-02,298.57867431640625
2020-01-03,296.3177490234375
2020-01-06,297.4482116699219
2020-01-07,296.61181640625
2020-01-08,298.192626953125
2020-01-09,300.21466064453125
2020-01-10,299.35064697265625
2020-01-13,301.409423828125
2020-01-14,300.9498291015625
2020-01-15,301.6299743652344
2020-01-16,304.13909912109375
2020-01-17,305.0857238769531
2020-01-21,304.48828125
2020-01-22,304.5250549316406
2020-01-23,304.874267578125
2020-01-24,302.1630554199219
2020-01-27,297.3195495605469
2020-01-28,300.4352722167969
2020-01-29,300.1870422363281
2020-01-30,301.16119384765625
2020-01-31,295.6927490234375
2020-02-03,297.8893737792969
2020-02-04,302.4295959472656
2020-02-05,305.9220275878906
2020-02-06,306.951416015625
2020-02-07,305.31549072265625
2020-02-10,307.5947570800781
2020-02-11,308.1277770996094
2020-02-12,310.11297607421875
2020-02-13,309.7821044921875
2020-02-14,310.27850341796875
2020-02-18,309.47882080078125
2020-02-19,310.9585876464844
2020-02-20,309.6810302734375
2020-02-21,306.4918518066406
2020-02-24,296.32696533203125
2020-02-25,287.3476257324219
2020-02-26,286.2906494140625
2020-02-27,273.4328918457031
2020-02-28,272.2840270996094
2020-03-02,284.07574462890625
2020-03-03,275.94189453125
2020-03-04,287.5406494140625
2020-03-05,277.9822082519531
2020-03-06,273.38690185546875
2020-03-09,252.03692626953125
2020-03-10,265.0785217285156
2020-03-11,252.15635681152344
2020-03-12,228.03074645996094
2020-03-13,247.5242919921875
2020-03-16,220.43919372558594
2020-03-17,232.3411865234375
2020-03-18,220.57708740234375
2020-03-19,221.04580688476562
2020-03-20,211.52000427246094
2020-03-23,206.11181640625
2020-03-24,224.7862548828125
2020-03-25,228.15133666992188
2020-03-26,241.47303771972656
2020-03-27,234.28060913085938
2020-03-30,241.88900756835938
2020-03-31,238.28359985351562
2020-04-01,227.55966186523438
2020-04-02,232.81069946289062
2020-04-03,229.4456329345703
2020-04-06,244.85659790039062
2020-04-07,245.10623168945312
2020-04-08,253.3340301513672
2020-04-09,257.18914794921875
2020-04-13,254.8410186767578
2020-04-14,262.3569030761719
2020-04-15,256.7823486328125
2020-04-16,258.02117919921875
2020-04-17,264.99163818359375
2020-04-20,260.32305908203125
2020-04-21,252.4187469482422
2020-04-22,258.02117919921875
2020-04-23,258.0025939941406
2020-04-24,261.5987548828125
2020-04-27,265.37066650390625
2020-04-28,264.150390625
2020-04-29,271.06549072265625
2020-04-30,268.54168701171875
2020-05-01,261.43243408203125
2020-05-04,262.153564453125
2020-05-05,264.5757141113281
2020-05-06,262.7821960449219
2020-05-07,265.953125
2020-05-08,270.3536376953125
2020-05-11,270.40911865234375
2020-05-12,265.0193786621094
2020-05-13,260.3323059082031
2020-05-14,263.44781494140625
2020-05-15,264.6588439941406
2020-05-18,272.72027587890625
2020-05-19,269.919189453125
2020-05-20,274.5044860839844
2020-05-21,272.60943603515625
2020-05-22,273.12713623046875
2020-05-26,276.4921569824219
2020-05-27,280.6060791015625
2020-05-28,280.0883483886719
2020-05-29,281.3363952636719
2020-06-01,282.4735107421875
2020-06-02,284.8124084472656
2020-06-03,288.602783203125
2020-06-04,287.8446960449219
2020-06-05,295.2220153808594
2020-06-08,298.79058837890625
2020-06-09,296.5624694824219
2020-06-10,294.90777587890625
2020-06-11,277.9065856933594
2020-06-12,281.2347717285156
2020-06-15,283.8602600097656
2020-06-16,289.3238525390625
2020-06-17,288.1220703125
2020-06-18,288.2330322265625
2020-06-19,286.58575439453125
2020-06-22,288.42431640625
2020-06-23,289.7521057128906
2020-06-24,282.36083984375
2020-06-25,285.38800048828125
2020-06-26,278.6094665527344
2020-06-29,282.7044677734375
2020-06-30,286.32574462890625
2020-07-01,288.33148193359375
2020-07-02,289.91925048828125
2020-07-06,294.3947448730469
2020-07-07,291.3585205078125
2020-07-08,293.5869445800781
2020-07-09,291.91558837890625
2020-07-10,294.8962707519531
2020-07-13,292.34271240234375
2020-07-14,296.13116455078125
2020-07-15,298.8518371582031
2020-07-16,297.8675231933594
2020-07-17,298.7311096191406
2020-07-20,301.1453857421875
2020-07-21,301.7860412597656
2020-07-22,303.5038146972656
2020-07-23,299.8824157714844
2020-07-24,297.951171875
2020-07-27,300.1239929199219
2020-07-28,298.2204284667969
2020-07-29,301.88812255859375
2020-07-30,300.8110046386719
2020-07-31,303.1881103515625
2020-08-03,305.2958984375
2020-08-04,306.47515869140625
2020-08-05,308.3786926269531
2020-08-06,310.4400634765625
2020-08-07,310.6628723144531
2020-08-10,311.5914306640625
2020-08-11,309.01934814453125
2020-08-12,313.3277587890625
2020-08-13,312.7613830566406
2020-08-14,312.7707214355469
2020-08-17,313.7642517089844
2020-08-18,314.44207763671875
2020-08-19,313.1328430175781
2020-08-20,314.1077575683594
2020-08-21,315.22210693359375
2020-08-24,318.4162902832031
2020-08-25,319.530517578125
2020-08-26,322.7339172363281
2020-08-27,323.4396667480469
2020-08-28,325.5289001464844
2020-08-31,324.3497314453125
2020-09-01,327.4045715332031
2020-09-02,332.1401062011719
2020-09-03,320.7097473144531
2020-09-04,318.09130859375
2020-09-08,309.40008544921875
2020-09-09,315.5098571777344
2020-09-10,310.03155517578125
2020-09-11,310.1893005371094
2020-09-14,314.27490234375
2020-09-15,315.86279296875
2020-09-16,314.6092529296875
2020-09-17,311.8421325683594
2020-09-18,308.2519836425781
2020-09-21,304.82122802734375
2020-09-22,307.92572021484375
2020-09-23,300.7845458984375
2020-09-24,301.5863342285156
2020-09-25,306.4621276855469
2020-09-28,311.5522155761719
2020-09-29,309.8554992675781
2020-09-30,312.204833984375
2020-10-01,314.209228515625
2020-10-02,311.2259521484375
2020-10-05,316.7449645996094
2020-10-06,312.2420959472656
2020-10-07,317.6771545410156
2020-10-08,320.4926452636719
2020-10-09,323.3547058105469
2020-10-12,328.55670166015625
2020-10-13,326.4124450683594
2020-10-14,324.3614807128906
2020-10-15,323.9606018066406
2020-10-16,323.7648620605469
2020-10-19,318.84246826171875
2020-10-20,320.1197204589844
2020-10-21,319.5137634277344
2020-10-22,321.2663269042969
2020-10-23,322.3571472167969
2020-10-26,316.39996337890625
2020-10-27,315.3092346191406
2020-10-28,304.5323791503906
2020-10-29,307.6273498535156
2020-10-30,304.42047119140625
2020-11-02,307.8324890136719
2020-11-03,313.267578125
2020-11-04,320.2688293457031
2020-11-05,326.5150146484375
2020-11-06,326.44049072265625
2020-11-09,330.5423583984375
2020-11-10,330.0576477050781
2020-11-11,332.509521484375
2020-11-12,329.2838134765625
2020-11-13,333.84259033203125
2020-11-16,338.0097961425781
2020-11-17,336.19189453125
2020-11-18,332.1458740234375
2020-11-19,333.5442810058594
2020-11-20,331.26025390625
2020-11-23,333.24591064453125
2020-11-24,338.61578369140625
2020-11-25,338.0936279296875
2020-11-27,339.0352478027344
2020-11-30,337.5342712402344
2020-12-01,341.2261047363281
2020-12-02,341.9439392089844
2020-12-03,341.8507385253906
2020-12-04,344.796630859375
2020-12-07,344.088134765625
2020-12-08,345.0950012207031
2020-12-09,341.99993896484375
2020-12-10,341.88800048828125
2020-12-11,341.48699951171875
2020-12-14,339.9582214355469
2020-12-15,344.5542297363281
2020-12-16,345.0950012207031
2020-12-17,347.0247802734375
2020-12-18,345.6390686035156
2020-12-21,344.4032897949219
2020-12-22,343.82281494140625
2020-12-23,344.1318054199219
2020-12-24,345.4705505371094
2020-12-28,348.4384765625
2020-12-29,347.7737121582031
2020-12-30,348.2698669433594
2020-12-31,350.0394592285156
2021-01-04,345.2740173339844
2021-01-05,347.6519775390625
2021-01-06,349.73040771484375
2021-01-07,354.9265441894531
2021-01-08,356.9488220214844
2021-01-11,354.542724609375
2021-01-12,354.6175842285156
2021-01-13,355.5726623535156
2021-01-14,354.3273620605469
2021-01-15,351.74334716796875
2021-01-19,354.5052490234375
2021-01-20,359.4111022949219
2021-01-21,359.7388000488281
2021-01-22,358.46551513671875
2021-01-25,359.87933349609375
2021-01-26,359.3175354003906
2021-01-27,350.5356750488281
2021-01-28,353.55029296875
2021-01-29,346.4723815917969
2021-02-01,352.2395324707031
2021-02-02,357.2203674316406
2021-02-03,357.5011901855469
2021-02-04,361.5644836425781
2021-02-05,362.987548828125
2021-02-08,365.6089172363281
2021-02-09,365.3656005859375
2021-02-10,365.2064208984375
2021-02-11,365.7962341308594
2021-02-12,367.6031799316406
2021-02-16,367.2848815917969
2021-02-17,367.3691711425781
2021-02-18,365.8055725097656
2021-02-19,365.1595764160156
2021-02-22,362.35089111328125
2021-02-23,362.7909851074219
2021-02-24,366.7886657714844
2021-02-25,357.9505615234375
2021-02-26,356.10626220703125
2021-03-01,364.7383117675781
2021-03-02,361.8921813964844
2021-03-03,357.0986328125
2021-03-04,352.6796569824219
2021-03-05,359.1677551269531
2021-03-08,357.3794250488281
2021-03-09,362.4819030761719
2021-03-10,364.7383117675781
2021-03-11,368.4364318847656
2021-03-12,368.93267822265625
2021-03-15,371.1328125
2021-03-16,370.66473388671875
2021-03-17,371.9286193847656
2021-03-18,366.51715087890625
2021-03-19,365.8389892578125
2021-03-22,368.76025390625
2021-03-23,365.8577575683594
2021-03-24,363.9979248046875
2021-03-25,366.045654296875
2021-03-26,371.94439697265625
2021-03-29,371.7565612792969
2021-03-30,370.7702941894531
2021-03-31,372.273193359375
2021-04-01,376.2933349609375
2021-04-05,381.6943664550781
2021-04-06,381.468994140625
2021-04-07,381.9103698730469
2021-04-08,383.7232666015625
2021-04-09,386.5130310058594
2021-04-12,386.6538391113281
2021-04-13,387.7998352050781
2021-04-14,386.4754333496094
2021-04-15,390.6271057128906
2021-04-16,391.93280029296875
2021-04-19,390.0072326660156
2021-04-20,387.15167236328125
2021-04-21,390.81500244140625
2021-04-22,387.24560546875
2021-04-23,391.4443054199219
2021-04-26,392.26153564453125
2021-04-27,392.1769714355469
2021-04-28,392.06427001953125
2021-04-29,394.5627136230469
2021-04-30,391.9703063964844
2021-05-03,392.815673828125
2021-05-04,390.392333984375
2021-05-05,390.5144348144531
2021-05-06,393.6329345703125
2021-05-07,396.4977111816406
2021-05-10,392.57147216796875
2021-05-11,389.0679016113281
2021-05-12,380.8020324707031
2021-05-13,385.37646484375
2021-05-14,391.2940368652344
2021-05-17,390.29833984375
2021-05-18,386.93572998046875
2021-05-19,385.9212951660156
2021-05-20,390.07293701171875
2021-05-21,389.75360107421875
2021-05-24,393.726806640625
2021-05-25,392.85321044921875
2021-05-26,393.6329345703125
2021-05-27,393.83953857421875
2021-05-28,394.5440368652344
2021-06-01,394.19647216796875
2021-06-02,394.8163757324219
2021-06-03,393.3511047363281
2021-06-04,396.9486083984375
2021-06-07,396.5635070800781
2021-06-08,396.6480712890625
2021-06-09,396.05633544921875
2021-06-10,397.8973388671875
2021-06-11,398.5548400878906
2021-06-14,399.4471435546875
2021-06-15,398.7145690917969
2021-06-16,396.4883117675781
2021-06-17,396.3568420410156
2021-06-18,391.00982666015625
2021-06-21,396.6075134277344
2021-06-22,398.7278747558594
2021-06-23,398.247314453125
2021-06-24,400.6031494140625
2021-06-25,402.02618408203125
2021-06-28,402.8366394042969
2021-06-29,403.05340576171875
2021-06-30,403.3926696777344
2021-07-01,405.62603759765625
2021-07-02,408.7265319824219
2021-07-06,407.98199462890625
2021-07-07,409.423828125
2021-07-08,406.0877685546875
2021-07-09,410.4227294921875
2021-07-12,411.89276123046875
2021-07-13,410.48870849609375
2021-07-14,411.10125732421875
2021-07-15,409.6971740722656
2021-07-16,406.4836730957031
2021-07-19,400.4807434082031
2021-07-20,406.2197265625
2021-07-21,409.5086975097656
2021-07-22,410.36627197265625
2021-07-23,414.58807373046875
2021-07-26,415.6058349609375
2021-07-27,413.71160888671875
2021-07-28,413.5419921875
2021-07-29,415.2571105957031
2021-07-30,413.2405090332031
2021-08-02,412.3735046386719
2021-08-03,415.728271484375
2021-08-04,413.6833801269531
2021-08-05,416.30316162109375
2021-08-06,416.9910583496094
2021-08-09,416.65185546875
2021-08-10,417.17010498046875
2021-08-11,418.2067565917969
2021-08-12,419.4600830078125
2021-08-13,420.2234191894531
2021-08-16,421.2129211425781
2021-08-17,418.4518127441406
2021-08-18,413.871826171875
2021-08-19,414.51263427734375
2021-08-20,417.8109436035156
2021-08-23,421.4862365722656
2021-08-24,422.15533447265625
2021-08-25,423.04119873046875
2021-08-26,420.54388427734375
2021-08-27,424.30389404296875
2021-08-30,426.1698303222656
2021-08-31,425.53839111328125
2021-09-01,425.7646179199219
2021-09-02,427.0744934082031
2021-09-03,426.9707946777344
2021-09-07,425.4441223144531
2021-09-08,424.9258728027344
2021-09-09,423.10711669921875
2021-09-10,419.77105712890625
2021-09-13,420.8453369140625
2021-09-14,418.5743713378906
2021-09-15,422.0705261230469
2021-09-16,421.40142822265625
2021-09-17,417.2964782714844
2021-09-20,410.33843994140625
2021-09-21,409.9508361816406
2021-09-22,413.9497985839844
2021-09-23,418.9792785644531
2021-09-24,419.6694641113281
2021-09-27,418.46881103515625
2021-09-28,410.0359191894531
2021-09-29,410.72607421875
2021-09-30,405.7060546875
2021-10-01,410.52752685546875
2021-10-04,405.23333740234375
2021-10-05,409.4497985839844
2021-10-06,411.15142822265625
2021-10-07,414.7061462402344
2021-10-08,413.9497985839844
2021-10-11,410.9529113769531
2021-10-12,409.9413757324219
2021-10-13,411.4161071777344
2021-10-14,418.3364562988281
2021-10-15,421.5224609375
2021-10-18,422.7703552246094
2021-10-19,426.031982421875
2021-10-20,427.705322265625
2021-10-21,428.82086181640625
2021-10-22,428.37646484375
2021-10-25,430.673828125
2021-10-26,431.0614318847656
2021-10-27,429.1517639160156
2021-10-28,433.2925720214844
2021-10-29,434.1718444824219
2021-11-01,434.918701171875
2021-11-02,436.67706298828125
2021-11-03,439.3431091308594
2021-11-04,441.41351318359375
2021-11-05,442.94500732421875
2021-11-08,443.3231506347656
2021-11-09,441.8578186035156
2021-11-10,438.30316162109375
2021-11-11,438.4449768066406
2021-11-12,441.7537841796875
2021-11-15,441.9050598144531
2021-11-16,443.6541442871094
2021-11-17,442.5763244628906
2021-11-18,444.0794982910156
2021-11-19,443.2853698730469
2021-11-22,442.03741455078125
2021-11-23,442.6235656738281
2021-11-24,443.8053283691406
2021-11-26,433.9070739746094
2021-11-29,439.22967529296875
2021-11-30,430.683349609375
2021-12-01,425.8996276855469
2021-12-02,432.42279052734375
2021-12-03,428.66015625
2021-12-06,433.73687744140625
2021-12-07,442.7086486816406
2021-12-08,443.8809814453125
2021-12-09,440.88409423828125
2021-12-10,445.0343322753906
2021-12-13,441.09210205078125
2021-12-14,438.0573425292969
2021-12-15,444.9020080566406
2021-12-16,440.9786071777344
2021-12-17,436.2853088378906
2021-12-20,431.6460876464844
2021-12-21,439.3117370605469
2021-12-22,443.7042236328125
2021-12-23,446.4650573730469
2021-12-27,452.78350830078125
2021-12-28,452.4134826660156
2021-12-29,452.9922180175781
2021-12-30,451.73992919921875
2021-12-31,450.6014099121094
2022-01-03,453.21038818359375
2022-01-04,453.0585632324219
2022-01-05,444.35888671875
2022-01-06,443.9414367675781
2022-01-07,442.186279296875
2022-01-10,441.63604736328125
2022-01-11,445.6585998535156
2022-01-12,446.8634948730469
2022-01-13,440.70635986328125
2022-01-14,440.8866271972656
2022-01-18,433.0786437988281
2022-01-19,428.58172607421875
2022-01-20,423.8382263183594
2022-01-21,415.5180358886719
2022-01-24,417.28265380859375
2022-01-25,412.1880187988281
2022-01-26,411.1539306640625
2022-01-27,409.1235656738281
2022-01-28,419.2843322753906
2022-01-31,426.8360900878906
2022-02-01,429.72021484375
2022-02-02,433.89459228515625
2022-02-03,423.6959228515625
2022-02-04,425.68817138671875
2022-02-07,424.3220520019531
2022-02-08,427.81329345703125
2022-02-09,434.0747985839844
2022-02-10,426.27642822265625
2022-02-11,417.8707580566406
2022-02-14,416.5046081542969
2022-02-15,423.2215270996094
2022-02-16,423.6959228515625
2022-02-17,414.6451110839844
2022-02-18,411.9602966308594
2022-02-22,407.539306640625
2022-02-23,400.3101501464844
2022-02-24,406.3343811035156
2022-02-25,415.2997741699219
2022-02-28,414.2371826171875
2022-03-01,407.92822265625
2022-03-02,415.4326171875
2022-03-03,413.3644104003906
2022-03-04,410.0058898925781
2022-03-07,397.9193420410156
2022-03-08,394.90240478515625
2022-03-09,405.4901123046875
2022-03-10,403.6590576171875
2022-03-11,398.5264892578125
2022-03-14,395.61395263671875
2022-03-15,404.3136291503906
2022-03-16,413.27899169921875
2022-03-17,418.449462890625
2022-03-18,423.03265380859375
2022-03-21,422.9090270996094
2022-03-22,427.8575744628906
2022-03-23,422.34747314453125
2022-03-24,428.714111328125
2022-03-25,430.8078308105469
2022-03-28,433.8721008300781
2022-03-29,439.239501953125
2022-03-30,436.52728271484375
2022-03-31,429.80853271484375
2022-04-01,431.0267028808594
2022-04-04,434.71905517578125
2022-04-05,429.22802734375
2022-04-06,424.9360046386719
2022-04-07,427.0772399902344
2022-04-08,425.93524169921875
2022-04-11,418.6550598144531
2022-04-12,417.1038513183594
2022-04-13,421.88116455078125
2022-04-14,416.62799072265625
2022-04-18,416.7993469238281
2022-04-19,423.52752685546875
2022-04-20,423.21356201171875
2022-04-21,416.885009765625
2022-04-22,405.44598388671875
2022-04-25,407.79656982421875
2022-04-26,395.9864501953125
2022-04-27,397.0998840332031
2022-04-28,407.1304016113281
2022-04-29,392.0846252441406
2022-05-02,394.4447937011719
2022-05-03,396.2529602050781
2022-05-04,408.32000732421875
2022-05-05,393.80718994140625
2022-05-06,391.45660400390625
2022-05-09,378.92315673828125
2022-05-10,379.7986755371094
2022-05-11,373.76513671875
2022-05-12,373.37493896484375
2022-05-13,382.3015441894531
2022-05-16,380.7503967285156
2022-05-17,388.5825500488281
2022-05-18,372.9181823730469
2022-05-19,370.6342468261719
2022-05-20,370.7960205078125
2022-05-23,377.73358154296875
2022-05-24,374.8501281738281
2022-05-25,378.1618957519531
2022-05-26,385.7180480957031
2022-05-27,395.1871032714844
2022-05-31,392.9697265625
2022-06-01,389.7911376953125
2022-06-02,397.2141418457031
2022-06-03,390.69525146484375
2022-06-06,391.884765625
2022-06-07,395.643798828125
2022-06-08,391.3423767089844
2022-06-09,382.03509521484375
2022-06-10,370.957763671875
2022-06-13,356.8731689453125
2022-06-14,355.7977294921875
2022-06-15,360.8701477050781
2022-06-16,348.9267883300781
2022-06-17,349.6789855957031
2022-06-21,358.4816589355469
2022-06-22,357.8317565917969
2022-06-23,361.3394775390625
2022-06-24,372.82781982421875
2022-06-27,371.40374755859375
2022-06-28,363.8148193359375
2022-06-29,363.51861572265625
2022-06-30,360.565185546875
2022-07-01,364.3787841796875
2022-07-05,365.0668640136719
2022-07-06,366.2998962402344
2022-07-07,371.7860107421875
2022-07-08,371.48016357421875
2022-07-11,367.236572265625
2022-07-12,363.9869079589844
2022-07-13,362.07537841796875
2022-07-14,361.19598388671875
2022-07-15,368.0968017578125
2022-07-18,365.057373046875
2022-07-19,374.92095947265625
2022-07-20,377.3103942871094
2022-07-21,381.15264892578125
2022-07-22,377.6162414550781
2022-07-25,378.0749816894531
2022-07-26,373.60198974609375
2022-07-27,383.30303955078125
2022-07-28,388.11065673828125
2022-07-29,393.768798828125
2022-08-01,392.6027526855469
2022-08-02,390.0125732421875
2022-08-03,396.1199951171875
2022-08-04,395.8524169921875
2022-08-05,395.1833190917969
2022-08-08,394.72454833984375
2022-08-09,393.1571044921875
2022-08-10,401.4150085449219
2022-08-11,401.4150085449219
2022-08-12,408.21051025390625
2022-08-15,409.8927001953125
2022-08-16,410.695556640625
2022-08-17,407.7803955078125
2022-08-18,408.965576171875
2022-08-19,403.4699401855469
2022-08-22,395.06866455078125
2022-08-23,394.11285400390625
2022-08-24,395.37445068359375
2022-08-25,400.95623779296875
2022-08-26,387.3842468261719
2022-08-29,384.82275390625
2022-08-30,380.59820556640625
2022-08-31,377.7022705078125
2022-09-01,378.8873596191406
2022-09-02,374.892333984375
2022-09-06,373.4776916503906
2022-09-07,380.1872863769531
2022-09-08,382.6722412109375
2022-09-09,388.6171569824219
2022-09-12,392.79388427734375
2022-09-13,375.7142028808594
2022-09-14,377.1479187011719
2022-09-15,372.8659973144531
2022-09-16,370.021484375
2022-09-19,372.8909912109375
2022-09-20,368.6107177734375
2022-09-21,362.1807556152344
2022-09-22,359.1385498046875
2022-09-23,353.1211853027344
2022-09-26,349.6279296875
2022-09-27,348.7353515625
2022-09-28,355.59722900390625
2022-09-29,348.1691589355469
2022-09-30,342.7852478027344
2022-10-03,351.8351745605469
2022-10-04,362.7373962402344
2022-10-05,361.89288330078125
2022-10-06,358.15960693359375
2022-10-07,348.1691589355469
2022-10-10,345.5107421875
2022-10-11,343.3226623535156
2022-10-12,342.1902160644531
2022-10-13,351.22100830078125
2022-10-14,343.2171325683594
2022-10-17,352.0367431640625
2022-10-18,356.17303466796875
2022-10-19,353.6489562988281
2022-10-20,350.6835632324219
2022-10-21,359.2057189941406
2022-10-24,363.6011047363281
2022-10-25,369.40728759765625
2022-10-26,366.6241455078125
2022-10-27,364.6663818359375
2022-10-28,373.342041015625
2022-10-31,370.64532470703125
2022-11-01,369.0234069824219
2022-11-02,359.76226806640625
2022-11-03,356.057861328125
2022-11-04,361.1826477050781
2022-11-07,364.63763427734375
2022-11-08,366.6049499511719
2022-11-09,359.0521545410156
2022-11-10,378.78350830078125
2022-11-11,382.4495544433594
2022-11-14,379.19622802734375
2022-11-15,382.4303894042969
2022-11-16,379.5128479003906
2022-11-17,378.3516540527344
2022-11-18,380.06951904296875
2022-11-21,378.6875915527344
2022-11-22,383.7835388183594
2022-11-23,386.2020568847656
2022-11-25,386.1156311035156
2022-11-28,379.954345703125
2022-11-29,379.3017272949219
2022-11-30,391.2499694824219
2022-12-01,390.9621276855469
2022-12-02,390.5110168457031
2022-12-05,383.48602294921875
2022-12-06,377.9581298828125
2022-12-07,377.315185546875
2022-12-08,380.27105712890625
2022-12-09,377.4303283691406
2022-12-12,382.87188720703125
2022-12-13,385.77020263671875
2022-12-14,383.3036804199219
2022-12-15,373.9275207519531
2022-12-16,369.5128479003906
2022-12-19,366.3795166015625
2022-12-20,366.88079833984375
2022-12-21,372.3665771484375
2022-12-22,367.0542907714844
2022-12-23,369.1657409667969
2022-12-27,367.7099304199219
2022-12-28,363.14007568359375
2022-12-29,369.6767883300781
2022-12-30,368.7029724121094
2023-01-03,367.1507263183594
2023-01-04,369.9852600097656
2023-01-05,365.76251220703125
2023-01-06,374.15020751953125
2023-01-09,373.93804931640625
2023-01-10,376.5603942871094
2023-01-11,381.3230895996094
2023-01-12,382.71142578125
2023-01-13,384.1961364746094
2023-01-17,383.4923400878906
2023-01-18,377.43780517578125
2023-01-19,374.69012451171875
2023-01-20,381.67022705078125
2023-01-23,386.2497253417969
2023-01-24,385.83514404296875
2023-01-25,385.9797668457031
2023-01-26,390.22186279296875
2023-01-27,391.118408203125
2023-01-30,386.2111511230469
2023-01-31,391.8897399902344
2023-02-01,396.0546569824219
2023-02-02,401.8200378417969
2023-02-03,397.5490417480469
2023-02-06,395.1194763183594
2023-02-07,400.2870788574219
2023-02-08,395.9100036621094
2023-02-09,392.47784423828125
2023-02-10,393.3937072753906
2023-02-13,398.01177978515625
2023-02-14,397.8286437988281
2023-02-15,399.12054443359375
2023-02-16,393.6251220703125
2023-02-17,392.6417541503906
2023-02-21,384.7650146484375
2023-02-22,384.2347412109375
2023-02-23,386.27862548828125
2023-02-24,382.1522216796875
2023-02-27,383.45379638671875
2023-02-28,382.0365905761719
2023-03-01,380.57110595703125
2023-03-02,383.53094482421875
2023-03-03,389.6819152832031
2023-03-06,389.9518737792969
2023-03-07,383.97442626953125
2023-03-08,384.6011657714844
2023-03-09,377.5052795410156
2023-03-10,372.05804443359375
2023-03-13,371.5277404785156
2023-03-14,377.669189453125
2023-03-15,375.3070983886719
2023-03-16,381.8919372558594
2023-03-17,377.4266052246094
2023-03-20,381.0557861328125
2023-03-21,386.0592041015625
2023-03-22,379.47833251953125
2023-03-23,380.5041198730469
2023-03-24,383.00103759765625
2023-03-27,383.7171630859375
2023-03-28,382.8558654785156
2023-03-29,388.4206237792969
2023-03-30,390.6949462890625
2023-03-31,396.20166015625
2023-04-03,397.7113342285156
2023-04-04,395.50482177734375
2023-04-05,394.4693298339844
2023-04-06,396.0080261230469
2023-04-10,396.4145202636719
2023-04-11,396.5210266113281
2023-04-12,394.90478515625
2023-04-13,400.1501770019531
2023-04-14,399.1727600097656
2023-04-17,400.6051025390625
2023-04-18,400.86639404296875
2023-04-19,400.79864501953125
2023-04-20,398.6114196777344
2023-04-21,398.92108154296875
2023-04-24,399.3372802734375
2023-04-25,392.99822998046875
2023-04-26,391.3336486816406
2023-04-27,399.1243591308594
2023-04-28,402.5309143066406
2023-05-01,402.1244812011719
2023-05-02,397.6048889160156
2023-05-03,394.8757629394531
2023-05-04,392.078857421875
2023-05-05,399.3372802734375
2023-05-08,399.4437561035156
2023-05-09,397.6919860839844
2023-05-10,399.5501708984375
2023-05-11,398.85333251953125
2023-05-12,398.33074951171875
2023-05-15,399.70501708984375
2023-05-16,397.033935546875
2023-05-17,401.853515625
2023-05-18,405.72467041015625
2023-05-19,405.13427734375
2023-05-22,405.2987976074219
2023-05-23,400.7502136230469
2023-05-24,397.84686279296875
2023-05-25,401.2921447753906
2023-05-26,406.4892272949219
2023-05-30,406.6440124511719
2023-05-31,404.38909912109375
2023-06-01,408.23126220703125
2023-06-02,414.1346740722656
2023-06-05,413.341064453125
2023-06-06,414.2411804199219
2023-06-07,412.80877685546875
2023-06-08,415.3057556152344
2023-06-09,416.0509338378906
2023-06-12,419.82525634765625
2023-06-13,422.5931701660156
2023-06-14,423.09637451171875
2023-06-15,428.341796875
2023-06-16,426.8827819824219
2023-06-20,424.6679992675781
2023-06-21,422.4921569824219
2023-06-22,424.0172119140625
2023-06-23,420.8116455078125
2023-06-26,419.0923156738281
2023-06-27,423.68695068359375
2023-06-28,423.900634765625
2023-06-29,425.5713806152344
2023-06-30,430.59344482421875
2023-07-03,431.08892822265625
2023-07-05,430.4477233886719
2023-07-06,427.0770568847656
2023-07-07,425.998779296875
2023-07-10,427.0770568847656
2023-07-11,429.796875
2023-07-12,433.2550048828125
2023-07-13,436.6937255859375
2023-07-14,436.4217224121094
2023-07-17,437.9370422363281
2023-07-18,441.19122314453125
2023-07-19,442.1722717285156
2023-07-20,439.23870849609375
2023-07-21,439.23870849609375
2023-07-24,441.2008972167969
2023-07-25,442.4053955078125
2023-07-26,442.473388671875
2023-07-27,439.5398254394531
2023-07-28,443.84307861328125
2023-07-31,444.68817138671875
2023-08-01,443.4156494140625
2023-08-02,437.24737548828125
2023-08-03,435.99432373046875
2023-08-04,434.02239990234375
2023-08-07,437.810791015625
2023-08-08,435.9068908691406
2023-08-09,432.9927673339844
2023-08-10,433.1481628417969
2023-08-11,432.8955993652344
2023-08-14,435.2851867675781
2023-08-15,430.214599609375
2023-08-16,427.0576477050781
2023-08-17,423.8034973144531
2023-08-18,424.00750732421875
2023-08-21,426.7662048339844
2023-08-22,425.61029052734375
2023-08-23,430.35064697265625
2023-08-24,424.3863220214844
2023-08-25,427.378173828125
2023-08-28,430.08831787109375
2023-08-29,436.30517578125
2023-08-30,438.1022033691406
2023-08-31,437.4610900878906
2023-09-01,438.277099609375
2023-09-05,436.3829040527344
2023-09-06,433.4492492675781
2023-09-07,432.1184997558594
2023-09-08,432.76934814453125
2023-09-11,435.6155090332031
2023-09-12,433.2258605957031
2023-09-13,433.7309875488281
2023-09-14,437.4707946777344
2023-09-15,432.20001220703125
2023-09-18,432.4534606933594
2023-09-19,431.556640625
2023-09-20,427.5892333984375
2023-09-21,420.5218505859375
2023-09-22,419.5762634277344
2023-09-25,421.3407287597656
2023-09-26,415.150634765625
2023-09-27,415.31634521484375
2023-09-28,417.7241516113281
2023-09-29,416.7103576660156
2023-10-02,416.54461669921875
2023-10-03,410.96875
2023-10-04,413.9613952636719
2023-10-05,413.805419921875
2023-10-06,418.7184753417969
2023-10-09,421.399169921875
2023-10-10,423.592529296875
2023-10-11,425.32763671875
2023-10-12,422.73468017578125
2023-10-13,420.6290588378906
2023-10-16,425.0546569824219
2023-10-17,425.03515625
2023-10-18,419.3715515136719
2023-10-19,415.6867980957031
2023-10-20,410.57879638671875
2023-10-23,409.8671569824219
2023-10-24,412.9573974609375
2023-10-25,407.0304870605469
2023-10-26,402.1565246582031
2023-10-27,400.3336181640625
2023-10-30,405.119873046875
2023-10-31,407.6642150878906
2023-11-01,412.01177978515625
2023-11-02,419.90771484375
2023-11-03,423.73870849609375
2023-11-06,424.7135314941406
2023-11-07,425.9222717285156
2023-11-08,426.23419189453125
2023-11-09,422.91009521484375
2023-11-10,429.509521484375
2023-11-13,429.1001281738281
2023-11-14,437.42498779296875
2023-11-15,438.35107421875
2023-11-16,438.88720703125
2023-11-17,439.4330749511719
2023-11-20,442.815673828125
2023-11-21,441.8505859375
2023-11-22,443.5564880371094
2023-11-24,443.82940673828125
2023-11-27,443.0301208496094
2023-11-28,443.46875
2023-11-29,443.1568603515625
2023-11-30,444.9017639160156
2023-12-01,447.53375244140625
2023-12-04,445.1844177246094
2023-12-05,445.09674072265625
2023-12-06,443.3030700683594
2023-12-07,446.6856689453125
2023-12-08,448.60601806640625
2023-12-11,450.3509521484375
2023-12-12,452.40777587890625
2023-12-13,458.64654541015625
2023-12-14,460.11846923828125
2023-12-15,459.3609313964844
2023-12-18,461.9448547363281
2023-12-19,464.75390625
2023-12-20,458.3136291503906
2023-12-21,462.6593933105469
2023-12-22,463.589111328125
2023-12-26,465.5466613769531
2023-12-27,466.388427734375
2023-12-28,466.5645751953125
2023-12-29,465.2138977050781
2024-01-02,462.61041259765625
2024-01-03,458.8323974609375
2024-01-04,457.3544616699219
2024-01-05,457.98089599609375
2024-01-08,464.51898193359375
2024-01-09,463.81427001953125
2024-01-10,466.4373779296875
2024-01-11,466.2317810058594
2024-01-12,466.5547790527344
2024-01-16,464.8419494628906
2024-01-17,462.258056640625
2024-01-18,466.36883544921875
2024-01-19,472.18267822265625
2024-01-22,473.1810302734375
2024-01-23,474.5610046386719
2024-01-24,475.0798034667969
2024-01-25,477.6637268066406
2024-01-26,477.0569152832031
2024-01-29,480.83489990234375
2024-01-30,480.4629211425781
2024-01-31,472.62310791015625
2024-02-01,478.80889892578125
2024-02-02,483.8494873046875
2024-02-05,482.087646484375
2024-02-06,483.48736572265625
2024-02-07,487.519775390625
2024-02-08,487.7351379394531
2024-02-09,490.5539855957031
2024-02-12,490.3386535644531
2024-02-13,483.5851745605469
2024-02-14,487.9798583984375
2024-02-15,491.3468017578125
2024-02-16,488.89990234375
2024-02-20,486.2082824707031
2024-02-21,486.64874267578125
2024-02-22,496.72015380859375
2024-02-23,497.062744140625
2024-02-26,495.2422180175781
2024-02-27,496.1622314453125
2024-02-28,495.50653076171875
2024-02-29,497.287841796875
2024-03-01,501.95648193359375
2024-03-04,501.41815185546875
2024-03-05,496.40692138671875
2024-03-06,498.92236328125
2024-03-07,503.8748779296875
2024-03-08,500.85052490234375
2024-03-11,500.41986083984375
2024-03-12,505.8030700683594
2024-03-13,505.0102233886719
2024-03-14,504.011962890625
2024-03-15,500.5510559082031
2024-03-18,503.5259094238281
2024-03-19,506.3240966796875
2024-03-20,511.00726318359375
2024-03-21,512.6959228515625
2024-03-22,511.7239685058594
2024-03-25,510.3101806640625
2024-03-26,509.36761474609375
2024-03-27,513.6483154296875
2024-03-28,513.5501708984375
2024-04-01,512.6566162109375
2024-04-02,509.39715576171875
2024-04-03,509.9566955566406
2024-04-04,503.73211669921875
2024-04-05,508.9945068359375
2024-04-08,509.27923583984375
2024-04-09,509.8683776855469
2024-04-10,504.7629699707031
2024-04-11,508.5723876953125
2024-04-12,501.552490234375
2024-04-15,495.26898193359375
2024-04-16,494.36572265625
2024-04-17,491.4399108886719
2024-04-18,490.4287109375
2024-04-19,486.1480407714844
2024-04-22,490.6250305175781
2024-04-23,496.4471130371094
2024-04-24,496.21148681640625
2024-04-25,494.3264465332031
2024-04-26,499.0096740722656
2024-04-29,500.7768859863281
2024-04-30,492.84393310546875
2024-05-01,491.2436218261719
2024-05-02,495.8384094238281
2024-05-03,501.9844665527344
2024-05-06,507.1684265136719
2024-05-07,507.7280578613281
2024-05-08,507.777099609375
2024-05-09,510.7028503417969
2024-05-10,511.3607177734375
2024-05-13,511.4293518066406
2024-05-14,513.77587890625
2024-05-15,520.1380615234375
2024-05-16,519.0677490234375
2024-05-17,519.8139038085938
2024-05-20,520.412841796875
2024-05-21,521.6892700195312
2024-05-22,520.1870727539062
2024-05-23,516.3875122070312
2024-05-24,519.80419921875
2024-05-28,520.1674194335938
2024-05-29,516.5249633789062
2024-05-30,513.0984497070312
2024-05-31,517.771728515625
2024-06-03,518.1940307617188
2024-06-04,518.7733154296875
2024-06-05,524.9389038085938
2024-06-06,524.9291381835938
2024-06-07,524.291015625
2024-06-10,525.9109497070312
2024-06-11,527.177490234375
2024-06-12,531.5072631835938
2024-06-13,532.5773315429688
2024-06-14,532.9013671875
2024-06-17,537.1427001953125
2024-06-18,538.5073852539062
2024-06-20,537.0445556640625
2024-06-21,536.3245849609375
2024-06-24,534.5811157226562
2024-06-25,536.6397705078125
2024-06-26,537.3095703125
2024-06-27,538.1566162109375
2024-06-28,536.0388793945312
2024-07-01,537.14208984375
2024-07-02,540.7568969726562
2024-07-03,543.1701049804688
2024-07-05,546.30224609375
2024-07-08,546.9326782226562
2024-07-09,547.464599609375
2024-07-10,552.8818969726562
2024-07-11,548.1145629882812
2024-07-12,551.5718383789062
2024-07-15,553.0888061523438
2024-07-16,556.3685913085938
2024-07-17,548.5677490234375
2024-07-18,544.35205078125
2024-07-19,540.7371826171875
2024-07-22,546.3121948242188
2024-07-23,545.4551391601562
2024-07-24,533.0938110351562
2024-07-25,530.3162841796875
2024-07-26,536.2555541992188
2024-07-29,536.5708618164062
2024-07-30,533.8522338867188
2024-07-31,542.5298461914062
2024-08-01,534.84716796875
2024-08-02,524.8890991210938
2024-08-05,509.6023864746094
2024-08-06,514.3007202148438
2024-08-07,510.8631591796875
2024-08-08,522.6729125976562
2024-08-09,524.9777221679688
2024-08-12,525.2536010742188
2024-08-13,533.8916625976562
2024-08-14,535.5759887695312
2024-08-15,544.755859375
2024-08-16,545.9772338867188
2024-08-19,551.1975708007812
2024-08-20,550.3013305664062
2024-08-21,552.1923828125
2024-08-22,547.8585205078125
2024-08-23,553.6797485351562
2024-08-26,552.3598022460938
2024-08-27,553.1182250976562
2024-08-28,549.9072875976562
2024-08-29,549.9564208984375
2024-08-30,555.2063598632812
2024-09-03,543.7808227539062
2024-09-04,542.6676635742188
2024-09-05,541.3478393554688
2024-09-06,532.2369384765625
2024-09-09,538.1959838867188
2024-09-10,540.5402221679688
2024-09-11,546.0855712890625
2024-09-12,550.6853637695312
2024-09-13,553.5614624023438
2024-09-16,554.3790283203125
2024-09-17,554.6055297851562
2024-09-18,552.960693359375
2024-09-19,562.3966064453125
2024-09-20,561.4244995117188
2024-09-23,562.827392578125
2024-09-24,564.4378051757812
2024-09-25,563.1929321289062
2024-09-26,565.42578125
2024-09-27,564.6057739257812
2024-09-30,566.8682861328125
2024-10-01,561.7899780273438
2024-10-02,562.0271606445312
2024-10-03,560.9996948242188
2024-10-04,566.09765625
2024-10-07,560.9799194335938
2024-10-08,566.285400390625
2024-10-09,570.207763671875
2024-10-10,569.2098388671875
2024-10-11,572.618408203125
2024-10-14,577.3014526367188
2024-10-15,572.8159790039062
2024-10-16,575.3057250976562
2024-10-17,575.3550415039062
2024-10-18,577.5681762695312
2024-10-21,576.6197509765625
2024-10-22,576.3134765625
2024-10-23,571.0474853515625
2024-10-24,572.2824096679688
2024-10-25,572.0848388671875
2024-10-28,573.8534545898438
2024-10-29,574.7820434570312
2024-10-30,573.043212890625
2024-10-31,561.809814453125
2024-11-01,564.180908203125
2024-11-04,562.9656982421875
2024-11-05,569.7730102539062
2024-11-06,583.9407348632812
2024-11-07,588.455810546875
2024-11-08,591.0048217773438
2024-11-11,591.5679931640625
2024-11-12,589.7304077148438
2024-11-13,590.016845703125
2024-11-14,586.2229614257812
2024-11-15,578.7142944335938
2024-11-18,581.08544921875
2024-11-19,583.2095947265625
2024-11-20,583.4071655273438
2024-11-21,586.5391845703125
2024-11-22,588.3570556640625
2024-11-25,590.3528442382812
2024-11-26,593.435302734375
2024-11-27,591.6371459960938
2024-11-29,595.3125
2024-12-02,596.3795166015625
2024-12-03,596.6561279296875
2024-12-04,600.361083984375
2024-12-05,599.3731079101562
2024-12-06,600.50927734375
2024-12-09,597.4168701171875
2024-12-10,595.5595092773438
2024-12-11,600.1635131835938
2024-12-12,597.0711059570312
2024-12-13,596.9525756835938
2024-12-16,599.5015258789062
2024-12-17,597.0315551757812
2024-12-18,579.2379150390625
2024-12-19,579.0599975585938
2024-12-20,586.01513671875
2024-12-23,589.5244140625
2024-12-24,596.0769653320312
2024-12-26,596.1166381835938
2024-12-27,589.8416137695312
2024-12-30,583.110595703125
2024-12-31,580.9891357421875
